filename,width,height,class,xmin,ymin,xmax,ymax
recycle00010.jpg,720,616,metal,360,183,531,390
recycle0001.jpg,720,616,metal,339,155,551,400
recycle0002.jpg,720,616,metal,335,200,573,419
recycle0003.jpg,720,616,metal,366,131,580,362
recycle0004.jpg,720,616,metal,375,232,626,456
recycle0005.jpg,720,616,metal,367,164,511,328
recycle0006.jpg,720,616,metal,353,200,539,338
recycle0007.jpg,720,616,metal,386,152,531,309
recycle0008.jpg,720,616,metal,327,196,510,344
recycle0009.jpg,720,616,metal,408,214,539,419
recycle0010.jpg,720,616,metal,358,184,530,381
recycle0011.jpg,720,616,metal,339,204,519,332
recycle0012.jpg,720,616,metal,355,172,567,328
recycle0013.jpg,720,616,metal,370,217,551,367
recycle0014.jpg,720,616,metal,393,223,585,387
recycle0015.jpg,720,616,metal,427,180,562,400
recycle0016.jpg,720,616,metal,456,208,602,400
recycle0017.jpg,720,616,metal,259,260,375,436
recycle0018.jpg,720,616,metal,241,255,387,413
recycle0019.jpg,720,616,metal,247,275,403,416
recycle0020.jpg,720,616,metal,254,263,406,426
recycle0021.jpg,720,616,metal,372,220,491,353
recycle0022.jpg,720,616,metal,336,245,562,372
recycle0023.jpg,720,616,metal,395,159,511,412
recycle0024.jpg,720,616,metal,357,183,543,401
recycle0025.jpg,720,616,metal,363,222,465,330
recycle0026.jpg,720,616,metal,375,162,496,296
recycle0027.jpg,720,616,metal,339,228,603,353
recycle0028.jpg,720,616,metal,404,141,540,408
recycle0029.jpg,720,616,metal,367,205,474,328
recycle0030.jpg,720,616,metal,363,171,488,313
recycle0031.jpg,720,616,metal,319,220,584,348
recycle0032.jpg,720,616,metal,407,174,531,333
recycle0033.jpg,720,616,metal,355,184,667,313
recycle0034.jpg,720,616,metal,414,104,502,435
recycle0035.jpg,720,616,metal,419,100,506,424
recycle0036.jpg,720,616,metal,393,132,575,435
recycle0037.jpg,720,616,metal,355,175,624,413
recycle0038.jpg,720,616,metal,348,126,610,396
recycle0039.jpg,720,616,metal,327,178,623,329
recycle0041.jpg,720,616,metal,414,103,503,429
recycle0042.jpg,720,616,metal,331,196,624,297
recycle0043.jpg,720,616,metal,311,177,615,294
recycle0044.jpg,720,616,metal,477,107,551,452
recycle0045.jpg,720,616,metal,455,110,545,428
recycle0046.jpg,720,616,metal,391,128,642,421
recycle0047.jpg,720,616,metal,347,162,627,368
recycle0048.jpg,720,616,metal,147,194,397,427
recycle0048.jpg,720,616,metal,469,163,645,340
recycle0049.jpg,720,616,metal,162,197,391,420
recycle0049.jpg,720,616,metal,543,115,680,356
recycle0050.jpg,720,616,metal,79,195,338,442
recycle0050.jpg,720,616,metal,449,172,619,353
recycle0051.jpg,720,616,metal,134,181,373,420
recycle0051.jpg,720,616,metal,492,120,669,316
recycle0052.jpg,720,616,metal,137,188,369,424
recycle0052.jpg,720,616,metal,427,165,620,392
recycle0053.jpg,720,616,metal,463,17,627,197
recycle0053.jpg,720,616,metal,244,120,363,360
recycle0053.jpg,720,616,metal,135,360,272,606
recycle0053.jpg,720,616,metal,283,259,544,570
recycle0053.jpg,720,616,metal,571,410,715,609
recycle0054.jpg,720,616,metal,127,241,250,364
recycle0054.jpg,720,616,metal,206,117,308,226
recycle0054.jpg,720,616,metal,399,56,552,231
recycle0054.jpg,720,616,metal,288,268,530,577
recycle0054.jpg,720,616,metal,557,247,711,460
recycle0055.jpg,720,616,metal,289,280,509,524
recycle0055.jpg,720,616,metal,557,244,709,456
recycle0055.jpg,720,616,metal,427,72,559,284
recycle0055.jpg,720,616,metal,294,41,411,196
recycle0055.jpg,720,616,metal,221,166,398,386
recycle0056.jpg,720,616,metal,299,6,438,155
recycle0056.jpg,720,616,metal,460,128,595,336
recycle0056.jpg,720,616,metal,504,260,662,438
recycle0056.jpg,720,616,metal,294,275,505,533
recycle0056.jpg,720,616,metal,252,103,464,304
recycle0056.jpg,720,616,metal,175,202,283,452
recycle0057.jpg,720,616,metal,160,38,342,248
recycle0057.jpg,720,616,metal,171,256,292,499
recycle0057.jpg,720,616,metal,273,379,509,608
recycle0057.jpg,720,616,metal,353,1,459,114
recycle0057.jpg,720,616,metal,551,3,698,102
recycle0058.jpg,720,616,metal,250,344,327,612
recycle0058.jpg,720,616,metal,335,421,417,609
recycle0058.jpg,720,616,metal,442,412,578,610
recycle0058.jpg,720,616,metal,584,472,712,613
recycle0059.jpg,720,616,metal,258,339,340,615
recycle0059.jpg,720,616,metal,323,417,403,612
recycle0059.jpg,720,616,metal,391,434,588,523
recycle0059.jpg,720,616,metal,365,528,596,611
recycle0059.jpg,720,616,metal,587,411,715,611
recycle0060.jpg,720,616,metal,484,267,683,420
recycle0060.jpg,720,616,metal,323,256,471,419
recycle0060.jpg,720,616,metal,265,338,347,612
recycle0060.jpg,720,616,metal,359,428,466,613
recycle0060.jpg,720,616,metal,475,440,695,610
recycle0062.jpg,720,616,metal,373,196,531,371
recycle0062.jpg,720,616,metal,125,185,355,394
recycle0062.jpg,720,616,metal,69,409,270,611
recycle0062.jpg,720,616,metal,201,353,402,535
recycle0062.jpg,720,616,metal,406,400,541,605
recycle0062.jpg,720,616,metal,251,558,387,614
recycle0063.jpg,720,616,metal,95,16,323,235
recycle0063.jpg,720,616,metal,59,237,237,461
recycle0063.jpg,720,616,metal,206,196,399,378
recycle0063.jpg,720,616,metal,292,8,417,286
recycle0063.jpg,720,616,metal,401,5,527,187
recycle0063.jpg,720,616,metal,539,59,714,226
recycle0063.jpg,720,616,metal,529,255,699,496
recycle0063.jpg,720,616,metal,360,219,545,473
recycle0063.jpg,720,616,metal,209,380,346,537
recycle0064.jpg,720,616,metal,89,15,326,236
recycle0064.jpg,720,616,metal,123,308,260,478
recycle0064.jpg,720,616,metal,257,296,407,509
recycle0064.jpg,720,616,metal,280,171,499,291
recycle0064.jpg,720,616,metal,421,182,592,472
recycle0064.jpg,720,616,metal,600,230,718,480
recycle0064.jpg,720,616,metal,470,8,648,224
recycle0064.jpg,720,616,metal,382,5,448,191
recycle0064.jpg,720,616,metal,340,4,375,200
recycle0065.jpg,720,616,metal,37,121,279,339
recycle0065.jpg,720,616,metal,133,343,247,504
recycle0065.jpg,720,616,metal,192,384,363,588
recycle0065.jpg,720,616,metal,427,365,590,608
recycle0065.jpg,720,616,metal,615,380,720,601
recycle0065.jpg,720,616,metal,461,100,682,373
recycle0065.jpg,720,616,metal,290,237,498,361
recycle0065.jpg,720,616,metal,289,1,364,291
recycle0065.jpg,720,616,metal,358,1,478,260
recycle0066.jpg,720,616,metal,351,262,531,440
recycle0067.jpg,720,616,metal,331,175,533,402
recycle0068.jpg,720,616,metal,335,193,472,417
recycle0069.jpg,720,616,metal,383,125,515,393
recycle0070.jpg,720,616,metal,357,217,499,368
recycle0071.jpg,720,616,metal,310,158,519,336
recycle0072.jpg,720,616,metal,402,260,431,299
recycle0074.jpg,720,616,metal,357,60,579,469
recycle0075.jpg,720,616,metal,390,310,571,529
recycle0076.jpg,720,616,metal,407,280,547,472
recycle0077.jpg,720,616,metal,481,240,583,438
recycle0078.jpg,720,616,metal,211,125,319,420
recycle0078.jpg,720,616,metal,519,316,668,547
recycle0078.jpg,720,616,metal,251,442,410,600
recycle0079.jpg,720,616,metal,383,37,502,217
recycle0079.jpg,720,616,metal,473,277,591,540
recycle0079.jpg,720,616,metal,277,374,433,516
recycle0079.jpg,720,616,metal,247,231,398,365
recycle0079.jpg,720,616,metal,109,238,239,468
recycle0080.jpg,720,616,metal,423,259,559,518
recycle0080.jpg,720,616,metal,477,8,673,240
recycle0080.jpg,720,616,metal,268,113,395,258
recycle0080.jpg,720,616,metal,284,380,417,524
recycle0080.jpg,720,616,metal,179,332,351,498
recycle0080.jpg,720,616,metal,92,171,213,452
recycle0081.jpg,720,616,metal,95,184,236,463
recycle0081.jpg,720,616,metal,154,368,321,500
recycle0081.jpg,720,616,metal,239,189,344,358
recycle0081.jpg,720,616,metal,495,345,716,596
recycle0081.jpg,720,616,metal,397,94,571,314
recycle0081.jpg,720,616,metal,464,116,658,409
recycle0082.jpg,720,616,metal,27,182,178,436
recycle0082.jpg,720,616,metal,158,363,324,503
recycle0082.jpg,720,616,metal,201,184,318,355
recycle0082.jpg,720,616,metal,324,90,475,264
recycle0082.jpg,720,616,metal,367,104,560,357
recycle0082.jpg,720,616,metal,464,117,654,418
recycle0082.jpg,720,616,metal,637,109,717,320
recycle0082.jpg,720,616,metal,507,359,715,597
recycle0082.jpg,720,616,metal,373,515,492,605
recycle0083.jpg,720,616,metal,32,183,177,444
recycle0083.jpg,720,616,metal,155,370,319,505
recycle0083.jpg,720,616,metal,359,386,401,427
recycle0083.jpg,720,616,metal,376,512,506,607
recycle0083.jpg,720,616,metal,471,367,718,587
recycle0083.jpg,720,616,metal,487,104,683,351
recycle0083.jpg,720,616,metal,419,38,587,332
recycle0083.jpg,720,616,metal,137,18,343,319
recycle0083.jpg,720,616,metal,285,81,409,243
recycle0084.jpg,720,616,cardboard,113,40,675,549
recycle0085.jpg,720,616,cardboard,160,64,704,560
recycle0086.jpg,720,616,cardboard,368,7,717,610
recycle0087.jpg,720,616,cardboard,249,2,719,407
recycle0088.jpg,720,616,cardboard,4,82,260,493
recycle0089.jpg,720,616,cardboard,6,4,288,389
recycle0090.jpg,720,616,cardboard,418,213,673,429
recycle0090.jpg,720,616,cardboard,2,3,55,228
recycle0091.jpg,720,616,cardboard,405,152,541,405
recycle0092.jpg,720,616,cardboard,311,195,546,323
recycle0093.jpg,720,616,cardboard,307,201,526,321
recycle0094.jpg,720,616,cardboard,293,131,682,408
recycle0095.jpg,720,616,cardboard,339,23,563,523
recycle0096.jpg,720,616,cardboard,255,119,703,387
recycle0097.jpg,720,616,cardboard,304,159,700,431
recycle0098.jpg,720,616,cardboard,167,102,544,562
recycle0099.jpg,720,616,cardboard,118,246,309,495
recycle0099.jpg,720,616,cardboard,358,52,715,607
recycle0100.jpg,720,616,cardboard,136,7,630,484
recycle0100.jpg,720,616,cardboard,3,204,143,415
recycle0101.jpg,720,616,cardboard,406,212,706,559
recycle0101.jpg,720,616,cardboard,595,12,707,180
recycle0101.jpg,720,616,cardboard,140,248,322,476
recycle0101.jpg,720,616,cardboard,4,4,155,280
recycle0102.jpg,720,616,cardboard,636,130,715,312
recycle0102.jpg,720,616,cardboard,591,300,715,475
recycle0102.jpg,720,616,cardboard,332,225,582,535
recycle0102.jpg,720,616,cardboard,1,8,125,253
recycle0102.jpg,720,616,cardboard,5,4,206,309
recycle0103.jpg,720,616,cardboard,127,244,355,502
recycle0103.jpg,720,616,cardboard,436,92,715,582
recycle0103.jpg,720,616,cardboard,622,9,719,193
recycle0104.jpg,720,616,cardboard,286,13,635,239
recycle0104.jpg,720,616,cardboard,127,232,340,490
recycle0104.jpg,720,616,cardboard,303,352,594,600
recycle0104.jpg,720,616,cardboard,595,238,713,580
recycle0105.jpg,720,616,cardboard,377,289,664,548
recycle0106.jpg,720,616,cardboard,349,100,709,506
recycle0107.jpg,720,616,cardboard,356,123,649,515
recycle0108.jpg,720,616,cardboard,283,108,685,499
recycle0109.jpg,720,616,cardboard,295,39,713,523
recycle0110.jpg,720,616,cardboard,268,59,616,464
recycle0111.jpg,720,616,cardboard,359,23,703,399
recycle0112.jpg,720,616,cardboard,196,300,602,604
recycle0113.jpg,720,616,cardboard,258,230,698,550
recycle0114.jpg,720,616,cardboard,331,60,651,550
recycle0115.jpg,720,616,cardboard,383,9,715,520
recycle0116.jpg,720,616,cardboard,286,210,541,532
recycle0117.jpg,720,616,cardboard,340,7,715,388
recycle0117.jpg,720,616,cardboard,3,4,150,238
recycle0118.jpg,720,616,cardboard,157,67,524,596
recycle0119.jpg,720,616,cardboard,231,11,687,600
recycle0120.jpg,720,616,cardboard,243,23,708,531
recycle0121.jpg,720,616,cardboard,220,161,711,539
recycle0122.jpg,720,616,cardboard,119,169,635,592
recycle0123.jpg,720,616,cardboard,255,6,635,611
recycle0124.jpg,720,616,cardboard,371,152,585,417
recycle0124.jpg,720,616,cardboard,303,176,380,255
recycle0125.jpg,720,616,cardboard,309,172,379,252
recycle0125.jpg,720,616,cardboard,347,192,590,409
recycle0126.jpg,720,616,cardboard,313,172,379,252
recycle0126.jpg,720,616,cardboard,379,126,555,447
recycle0127.jpg,720,616,cardboard,308,169,380,253
recycle0127.jpg,720,616,cardboard,323,231,619,352
recycle0128.jpg,720,616,cardboard,308,170,382,256
recycle0128.jpg,720,616,cardboard,350,227,607,466
recycle0130.jpg,720,616,cardboard,366,197,580,459
recycle0131.jpg,720,616,cardboard,308,112,643,430
recycle0132.jpg,720,616,cardboard,354,100,652,491
recycle0133.jpg,720,616,cardboard,368,143,636,508
recycle0134.jpg,720,616,cardboard,244,18,715,608
recycle0135.jpg,720,616,cardboard,33,6,693,558
recycle0136.jpg,720,616,cardboard,37,44,703,609
recycle0137.jpg,720,616,cardboard,100,8,706,606
recycle0138.jpg,720,616,cardboard,215,4,711,610
recycle0139.jpg,720,616,cardboard,96,7,715,604
recycle0140.jpg,720,616,cardboard,7,72,580,608
recycle0141.jpg,720,616,cardboard,7,212,422,601
recycle0142.jpg,720,616,cardboard,3,7,426,544
recycle0143.jpg,720,616,cardboard,247,41,718,594
recycle0144.jpg,720,616,cardboard,22,61,619,596
recycle0145.jpg,720,616,cardboard,176,8,620,602
recycle0146.jpg,720,616,cardboard,107,1,712,610
recycle0147.jpg,720,616,cardboard,137,7,707,608
recycle0148.jpg,720,616,cardboard,190,101,603,565
recycle0148.jpg,720,616,cardboard,83,3,719,616
recycle0148.jpg,720,616,cardboard,20,52,184,203
recycle0149.jpg,720,616,cardboard,134,88,445,523
recycle0149.jpg,720,616,cardboard,478,6,662,275
recycle0149.jpg,720,616,cardboard,141,4,615,615
recycle0149.jpg,720,616,cardboard,32,147,207,603
recycle0150.jpg,720,616,cardboard,7,201,314,600
recycle0150.jpg,720,616,cardboard,285,150,564,521
recycle0150.jpg,720,616,cardboard,463,10,675,289
recycle0150.jpg,720,616,cardboard,480,245,717,612
recycle0150.jpg,720,616,cardboard,170,28,619,613
recycle0151.jpg,720,616,cardboard,466,7,679,276
recycle0151.jpg,720,616,cardboard,489,248,711,608
recycle0151.jpg,720,616,cardboard,279,154,575,512
recycle0151.jpg,720,616,cardboard,149,29,623,616
recycle0152.jpg,720,616,cardboard,251,57,537,342
recycle0152.jpg,720,616,cardboard,289,376,632,612
recycle0152.jpg,720,616,cardboard,197,354,327,514
recycle0152.jpg,720,616,cardboard,115,212,371,553
recycle0152.jpg,720,616,cardboard,16,109,348,615
recycle0152.jpg,720,616,cardboard,221,6,457,98
recycle0152.jpg,720,616,cardboard,476,7,712,609
recycle0153.jpg,720,616,cardboard,229,2,451,106
recycle0153.jpg,720,616,cardboard,214,68,499,336
recycle0153.jpg,720,616,cardboard,219,324,521,612
recycle0153.jpg,720,616,cardboard,8,106,306,616
recycle0153.jpg,720,616,cardboard,355,5,711,398
recycle0153.jpg,720,616,cardboard,563,412,715,613
recycle0154.jpg,720,616,cardboard,171,5,380,247
recycle0154.jpg,720,616,cardboard,184,12,432,318
recycle0154.jpg,720,616,cardboard,455,3,683,213
recycle0154.jpg,720,616,cardboard,504,358,714,611
recycle0154.jpg,720,616,cardboard,423,224,716,608
recycle0154.jpg,720,616,cardboard,285,355,417,606
recycle0154.jpg,720,616,cardboard,113,6,208,392
recycle0155.jpg,720,616,cardboard,93,9,292,232
recycle0155.jpg,720,616,cardboard,334,4,575,230
recycle0155.jpg,720,616,cardboard,526,277,713,385
recycle0155.jpg,720,616,cardboard,411,341,714,612
recycle0155.jpg,720,616,cardboard,316,220,704,610
recycle0155.jpg,720,616,cardboard,221,354,309,609
recycle0155.jpg,720,616,cardboard,108,20,329,332
recycle0155.jpg,720,616,cardboard,39,13,107,403
recycle0155.jpg,720,616,cardboard,19,452,211,608
recycle0156.jpg,720,616,cardboard,195,4,383,120
recycle0156.jpg,720,616,cardboard,392,7,718,218
recycle0156.jpg,720,616,cardboard,91,65,341,334
recycle0156.jpg,720,616,cardboard,395,305,717,615
recycle0156.jpg,720,616,cardboard,348,226,715,292
recycle0156.jpg,720,616,cardboard,216,350,343,612
recycle0156.jpg,720,616,cardboard,20,456,208,606
recycle0156.jpg,720,616,cardboard,39,30,92,380
recycle0157.jpg,720,616,cardboard,193,1,403,120
recycle0157.jpg,720,616,cardboard,394,2,717,215
recycle0157.jpg,720,616,cardboard,99,87,362,342
recycle0157.jpg,720,616,cardboard,43,12,187,393
recycle0157.jpg,720,616,cardboard,336,404,712,607
recycle0157.jpg,720,616,cardboard,326,224,713,616
recycle0157.jpg,720,616,cardboard,221,358,326,608
recycle0157.jpg,720,616,cardboard,21,452,210,607
recycle0158.jpg,720,616,cardboard,405,154,710,552
recycle0158.jpg,720,616,cardboard,377,432,711,611
recycle0158.jpg,720,616,cardboard,311,262,415,614
recycle0158.jpg,720,616,cardboard,51,404,298,608
recycle0158.jpg,720,616,cardboard,73,138,270,369
recycle0158.jpg,720,616,cardboard,235,2,497,225
recycle0158.jpg,720,616,cardboard,507,7,710,136
recycle0158.jpg,720,616,cardboard,40,11,216,132
recycle0159.jpg,720,616,cardboard,211,6,543,202
recycle0159.jpg,720,616,cardboard,31,152,302,457
recycle0159.jpg,720,616,cardboard,303,256,639,611
recycle0159.jpg,720,616,cardboard,96,473,294,609
recycle0159.jpg,720,616,cardboard,559,4,679,156
recycle0159.jpg,720,616,cardboard,550,269,708,607
recycle0160.jpg,720,616,cardboard,343,294,521,613
recycle0160.jpg,720,616,cardboard,531,268,716,609
recycle0160.jpg,720,616,cardboard,211,2,547,200
recycle0160.jpg,720,616,cardboard,33,157,307,464
recycle0160.jpg,720,616,cardboard,100,475,327,612
recycle0160.jpg,720,616,cardboard,555,4,675,170
recycle0160.jpg,720,616,cardboard,555,172,709,258
recycle0161.jpg,720,616,cardboard,555,278,717,544
recycle0161.jpg,720,616,cardboard,343,294,525,613
recycle0161.jpg,720,616,cardboard,101,476,332,615
recycle0161.jpg,720,616,cardboard,7,28,181,270
recycle0161.jpg,720,616,cardboard,191,3,516,212
recycle0161.jpg,720,616,cardboard,58,216,327,466
recycle0161.jpg,720,616,cardboard,531,6,680,159
recycle0161.jpg,720,616,cardboard,321,143,708,268
recycle0162.jpg,720,616,cardboard,9,29,175,255
recycle0162.jpg,720,616,cardboard,191,0,514,203
recycle0162.jpg,720,616,cardboard,108,312,336,548
recycle0162.jpg,720,616,cardboard,347,292,525,613
recycle0162.jpg,720,616,cardboard,563,276,719,543
recycle0162.jpg,720,616,cardboard,527,2,671,160
recycle0162.jpg,720,616,cardboard,107,115,715,262
recycle0162.jpg,720,616,cardboard,57,273,333,608
recycle0163.jpg,720,616,cardboard,390,235,659,489
recycle0163.jpg,720,616,cardboard,189,252,388,614
recycle0163.jpg,720,616,cardboard,205,2,405,141
recycle0163.jpg,720,616,cardboard,518,0,715,127
recycle0163.jpg,720,616,cardboard,450,92,716,266
recycle0163.jpg,720,616,cardboard,48,98,403,612
recycle0163.jpg,720,616,cardboard,553,395,717,610
recycle0163.jpg,720,616,cardboard,413,1,715,608
recycle0164.jpg,720,616,cardboard,555,375,716,610
recycle0164.jpg,720,616,cardboard,456,149,719,340
recycle0164.jpg,720,616,cardboard,440,3,665,139
recycle0164.jpg,720,616,cardboard,175,1,354,108
recycle0164.jpg,720,616,cardboard,57,226,276,607
recycle0164.jpg,720,616,cardboard,37,105,414,616
recycle0164.jpg,720,616,cardboard,205,4,416,145
recycle0164.jpg,720,616,cardboard,425,15,713,609
recycle0165.jpg,720,616,cardboard,384,156,695,346
recycle0165.jpg,720,616,cardboard,460,379,691,611
recycle0165.jpg,720,616,cardboard,360,5,559,188
recycle0165.jpg,720,616,cardboard,97,3,281,160
recycle0165.jpg,720,616,cardboard,4,272,187,608
recycle0165.jpg,720,616,cardboard,7,152,315,610
recycle0165.jpg,720,616,cardboard,335,28,718,615
recycle0166.jpg,720,616,cardboard,303,92,511,271
recycle0166.jpg,720,616,cardboard,518,2,718,232
recycle0166.jpg,720,616,cardboard,371,318,586,610
recycle0166.jpg,720,616,cardboard,647,263,711,611
recycle0166.jpg,720,616,cardboard,342,8,719,609
recycle0166.jpg,720,616,cardboard,96,7,291,152
recycle0166.jpg,720,616,cardboard,1,271,192,614
recycle0166.jpg,720,616,cardboard,9,145,323,610
recycle0167.jpg,720,616,cardboard,302,86,511,268
recycle0167.jpg,720,616,cardboard,511,3,717,233
recycle0167.jpg,720,616,cardboard,639,260,717,609
recycle0167.jpg,720,616,cardboard,375,308,591,612
recycle0167.jpg,720,616,cardboard,79,212,319,536
recycle0167.jpg,720,616,cardboard,6,142,347,606
recycle0167.jpg,720,616,cardboard,19,4,302,202
recycle0167.jpg,720,616,cardboard,331,6,499,77
recycle0168.jpg,720,616,cardboard,301,85,512,272
recycle0168.jpg,720,616,cardboard,516,5,715,229
recycle0168.jpg,720,616,cardboard,516,234,713,608
recycle0168.jpg,720,616,cardboard,371,313,576,613
recycle0168.jpg,720,616,cardboard,81,212,312,534
recycle0168.jpg,720,616,cardboard,7,154,334,608
recycle0168.jpg,720,616,cardboard,6,7,268,142
recycle0168.jpg,720,616,cardboard,327,5,507,76
recycle0169.jpg,720,616,cardboard,228,88,353,286
recycle0169.jpg,720,616,cardboard,180,0,351,112
recycle0169.jpg,720,616,cardboard,364,0,655,148
recycle0169.jpg,720,616,cardboard,438,35,715,270
recycle0169.jpg,720,616,cardboard,233,266,540,612
recycle0169.jpg,720,616,cardboard,4,246,154,603
recycle0170.jpg,720,616,cardboard,209,0,456,137
recycle0170.jpg,720,616,cardboard,207,152,400,299
recycle0170.jpg,720,616,cardboard,415,38,711,269
recycle0170.jpg,720,616,cardboard,154,352,349,612
recycle0170.jpg,720,616,cardboard,401,286,717,609
recycle0170.jpg,720,616,cardboard,1,240,151,607
recycle0171.jpg,720,616,cardboard,47,65,303,388
recycle0171.jpg,720,616,cardboard,180,296,381,546
recycle0171.jpg,720,616,cardboard,319,17,594,356
recycle0171.jpg,720,616,cardboard,472,223,718,590
recycle0172.jpg,720,616,cardboard,223,4,499,161
recycle0172.jpg,720,616,cardboard,331,14,583,304
recycle0172.jpg,720,616,cardboard,50,80,315,382
recycle0172.jpg,720,616,cardboard,172,279,375,520
recycle0172.jpg,720,616,cardboard,475,223,717,591
recycle0172.jpg,720,616,cardboard,5,360,164,612
recycle0173.jpg,720,616,cardboard,5,5,148,135
recycle0173.jpg,720,616,cardboard,331,43,714,612
recycle0174.jpg,720,616,cardboard,195,41,626,560
recycle0175.jpg,720,616,cardboard,193,30,671,568
recycle0176.jpg,720,616,cardboard,422,44,710,571
recycle0177.jpg,720,616,cardboard,3,226,257,616
recycle0178.jpg,720,616,cardboard,383,4,717,602
recycle0179.jpg,720,616,cardboard,414,19,715,599
recycle0180.jpg,720,616,cardboard,17,1,393,378
recycle0181.jpg,720,616,cardboard,141,3,688,609
recycle0182.jpg,720,616,cardboard,138,2,691,606
recycle0183.jpg,720,616,cardboard,194,3,707,500
recycle0184.jpg,720,616,cardboard,122,6,711,394
recycle0185.jpg,720,616,cardboard,265,3,712,505
recycle0186.jpg,720,616,cardboard,138,3,713,468
recycle0187.jpg,720,616,cardboard,213,4,719,504
recycle0188.jpg,720,616,cardboard,3,2,547,492
recycle0189.jpg,720,616,cardboard,195,3,624,333
recycle0190.jpg,720,616,cardboard,119,5,623,336
recycle0191.jpg,720,616,cardboard,102,270,714,609
recycle0192.jpg,720,616,cardboard,127,268,691,609
recycle0193.jpg,720,616,cardboard,195,273,365,508
recycle0193.jpg,720,616,cardboard,314,36,574,328
recycle0193.jpg,720,616,cardboard,555,184,715,468
recycle0193.jpg,720,616,cardboard,181,124,649,602
recycle0194.jpg,720,616,cardboard,136,51,350,306
recycle0194.jpg,720,616,cardboard,87,324,268,530
recycle0194.jpg,720,616,cardboard,443,24,719,318
recycle0194.jpg,720,616,cardboard,102,64,648,612
recycle0195.jpg,720,616,cardboard,227,27,471,262
recycle0195.jpg,720,616,cardboard,187,264,320,483
recycle0195.jpg,720,616,cardboard,339,196,572,497
recycle0195.jpg,720,616,cardboard,203,35,627,532
recycle0196.jpg,720,616,cardboard,163,252,336,489
recycle0196.jpg,720,616,cardboard,319,63,576,324
recycle0196.jpg,720,616,cardboard,359,372,596,536
recycle0196.jpg,720,616,cardboard,193,63,654,588
recycle0197.jpg,720,616,cardboard,197,175,332,495
recycle0197.jpg,720,616,cardboard,422,145,695,320
recycle0197.jpg,720,616,cardboard,286,1,715,597
recycle0197.jpg,720,616,cardboard,103,29,433,616
recycle0197.jpg,720,616,cardboard,24,126,133,321
recycle0198.jpg,720,616,cardboard,398,10,715,370
recycle0198.jpg,720,616,cardboard,319,3,714,512
recycle0198.jpg,720,616,cardboard,194,133,312,424
recycle0198.jpg,720,616,cardboard,159,23,577,605
recycle0198.jpg,720,616,cardboard,23,132,147,319
recycle0199.jpg,720,616,cardboard,33,135,196,322
recycle0199.jpg,720,616,cardboard,303,5,593,279
recycle0199.jpg,720,616,cardboard,259,1,718,384
recycle0199.jpg,720,616,cardboard,317,496,615,616
recycle0199.jpg,720,616,cardboard,235,394,716,616
recycle0200.jpg,720,616,cardboard,23,200,225,452
recycle0200.jpg,720,616,cardboard,251,105,707,456
recycle0200.jpg,720,616,cardboard,535,32,716,433
recycle0200.jpg,720,616,cardboard,230,187,420,498
recycle0200.jpg,720,616,cardboard,242,5,711,579
recycle0201.jpg,720,616,paper,158,182,567,540
recycle0202.jpg,720,616,paper,250,96,599,603
recycle0203.jpg,720,616,paper,186,61,525,580
recycle0204.jpg,720,616,paper,325,45,671,413
recycle0205.jpg,720,616,paper,256,265,645,597
recycle0206.jpg,720,616,paper,294,145,615,584
recycle0207.jpg,720,616,paper,450,286,567,429
recycle0209.jpg,720,616,paper,427,267,513,393
recycle0210.jpg,720,616,paper,371,148,648,524
recycle0211.jpg,720,616,paper,325,166,643,453
recycle0212.jpg,720,616,paper,307,153,629,552
recycle0213.jpg,720,616,paper,322,132,653,439
recycle0214.jpg,720,616,paper,405,253,533,396
recycle0215.jpg,720,616,paper,321,391,437,507
recycle0215.jpg,720,616,paper,577,344,667,439
recycle0215.jpg,720,616,paper,401,244,523,395
recycle0216.jpg,720,616,paper,313,104,709,612
recycle0217.jpg,720,616,paper,199,205,655,607
recycle0218.jpg,720,616,paper,327,96,675,616
recycle0218.jpg,720,616,paper,1,174,251,603
recycle0219.jpg,720,616,paper,9,188,343,576
recycle0219.jpg,720,616,paper,354,186,699,576
recycle0220.jpg,720,616,paper,27,120,420,607
recycle0220.jpg,720,616,paper,328,77,707,601
recycle0221.jpg,720,616,paper,55,108,319,548
recycle0221.jpg,720,616,paper,369,40,718,573
recycle0222.jpg,720,616,paper,6,154,324,602
recycle0222.jpg,720,616,paper,333,53,717,596
recycle0223.jpg,720,616,paper,9,123,362,604
recycle0223.jpg,720,616,paper,367,28,708,604
recycle0224.jpg,720,616,paper,376,181,684,582
recycle0225.jpg,720,616,paper,296,193,514,540
recycle0226.jpg,720,616,paper,566,276,719,443
recycle0226.jpg,720,616,paper,195,152,620,517
recycle0227.jpg,720,616,paper,201,166,667,559
recycle0228.jpg,720,616,paper,493,242,702,539
recycle0228.jpg,720,616,plastic,260,231,465,585
recycle0228.jpg,720,616,paper,7,66,218,409
recycle0229.jpg,720,616,paper,2,282,114,581
recycle0229.jpg,720,616,paper,182,262,379,590
recycle0229.jpg,720,616,paper,416,211,655,584
recycle0230.jpg,720,616,paper,328,224,508,476
recycle0231.jpg,720,616,paper,325,232,504,490
recycle0232.jpg,720,616,paper,263,102,574,609
recycle0233.jpg,720,616,paper,224,155,657,537
recycle0234.jpg,720,616,paper,358,264,610,501
recycle0235.jpg,720,616,paper,362,209,548,484
recycle0236.jpg,720,616,paper,332,98,663,529
recycle0237.jpg,720,616,paper,300,85,714,470
recycle0238.jpg,720,616,paper,187,136,585,457
recycle0239.jpg,720,616,paper,292,295,413,529
recycle0240.jpg,720,616,paper,487,174,637,504
recycle0240.jpg,720,616,paper,272,289,391,526
recycle0241.jpg,720,616,paper,347,205,566,389
recycle0241.jpg,720,616,paper,468,348,703,595
recycle0241.jpg,720,616,paper,299,336,397,535
recycle0242.jpg,720,616,paper,467,250,587,520
recycle0242.jpg,720,616,paper,295,320,395,511
recycle0242.jpg,720,616,paper,181,246,282,472
recycle0244.jpg,720,616,cardboard,250,268,523,544
recycle0244.jpg,720,616,paper,278,104,467,237
recycle0244.jpg,720,616,paper,125,325,239,545
recycle0244.jpg,720,616,paper,49,253,183,413
recycle0245.jpg,720,616,paper,348,216,476,335
recycle0245.jpg,720,616,paper,231,72,363,295
recycle0245.jpg,720,616,paper,220,339,359,585
recycle0245.jpg,720,616,paper,455,4,707,203
recycle0245.jpg,720,616,paper,406,286,717,603
recycle0246.jpg,720,616,cardboard,427,2,671,206
recycle0246.jpg,720,616,paper,226,66,357,281
recycle0246.jpg,720,616,paper,102,258,218,403
recycle0246.jpg,720,616,paper,174,416,350,612
recycle0246.jpg,720,616,paper,324,256,528,496
recycle0246.jpg,720,616,paper,491,225,716,607
recycle0247.jpg,720,616,cardboard,395,22,610,228
recycle0247.jpg,720,616,paper,229,152,353,353
recycle0247.jpg,720,616,paper,99,260,207,407
recycle0247.jpg,720,616,paper,182,416,345,606
recycle0247.jpg,720,616,paper,317,250,513,490
recycle0247.jpg,720,616,paper,493,192,711,605
recycle0248.jpg,720,616,paper,3,4,173,199
recycle0248.jpg,720,616,paper,37,83,597,611
recycle0248.jpg,720,616,paper,385,17,544,229
recycle0248.jpg,720,616,paper,502,216,685,612
recycle0249.jpg,720,616,paper,6,6,165,245
recycle0249.jpg,720,616,paper,272,4,552,602
recycle0249.jpg,720,616,paper,104,263,213,412
recycle0249.jpg,720,616,paper,217,152,288,371
recycle0249.jpg,720,616,paper,175,423,336,594
recycle0249.jpg,720,616,paper,608,116,718,338
recycle0250.jpg,720,616,paper,64,101,672,516
recycle0251.jpg,720,616,paper,337,68,709,606
recycle0251.jpg,720,616,paper,192,304,392,578
recycle0251.jpg,720,616,paper,158,38,576,404
recycle0252.jpg,720,616,paper,511,161,703,608
recycle0252.jpg,720,616,paper,293,199,454,576
recycle0252.jpg,720,616,paper,156,4,565,325
recycle0252.jpg,720,616,paper,21,24,137,228
recycle0253.jpg,720,616,paper,24,23,137,228
recycle0253.jpg,720,616,paper,160,35,579,327
recycle0253.jpg,720,616,paper,291,2,709,152
recycle0253.jpg,720,616,paper,42,298,382,604
recycle0253.jpg,720,616,paper,323,206,463,579
recycle0253.jpg,720,616,paper,479,183,710,605
recycle0254.jpg,720,616,paper,519,157,719,604
recycle0254.jpg,720,616,paper,347,228,547,604
recycle0254.jpg,720,616,paper,25,296,369,586
recycle0254.jpg,720,616,paper,50,4,447,244
recycle0254.jpg,720,616,paper,26,44,125,230
recycle0254.jpg,720,616,paper,151,6,567,328
recycle0255.jpg,720,616,paper,555,136,718,600
recycle0255.jpg,720,616,paper,375,336,571,580
recycle0255.jpg,720,616,paper,25,302,355,600
recycle0255.jpg,720,616,cardboard,285,2,503,132
recycle0255.jpg,720,616,paper,161,5,571,329
recycle0255.jpg,720,616,paper,1,5,156,184
recycle0256.jpg,720,616,paper,570,132,719,594
recycle0256.jpg,720,616,paper,407,308,556,560
recycle0256.jpg,720,616,paper,32,304,371,607
recycle0256.jpg,720,616,paper,112,7,557,383
recycle0256.jpg,720,616,paper,5,64,77,200
recycle0256.jpg,720,616,paper,3,4,183,99
recycle0257.jpg,720,616,paper,272,21,422,221
recycle0257.jpg,720,616,paper,101,3,549,380
recycle0257.jpg,720,616,paper,23,305,372,609
recycle0257.jpg,720,616,paper,393,297,559,553
recycle0257.jpg,720,616,paper,573,121,716,592
recycle0258.jpg,720,616,paper,576,128,715,596
recycle0258.jpg,720,616,paper,408,305,551,566
recycle0258.jpg,720,616,paper,11,206,423,612
recycle0258.jpg,720,616,paper,281,20,427,196
recycle0258.jpg,720,616,paper,103,1,543,309
recycle0259.jpg,720,616,paper,424,0,620,205
recycle0259.jpg,720,616,paper,274,18,415,218
recycle0259.jpg,720,616,paper,209,271,328,417
recycle0259.jpg,720,616,paper,290,464,373,540
recycle0259.jpg,720,616,paper,413,301,557,557
recycle0259.jpg,720,616,paper,572,136,717,604
recycle0259.jpg,720,616,paper,19,201,421,603
recycle0259.jpg,720,616,paper,110,3,493,348
recycle0259.jpg,720,616,paper,0,12,103,272
recycle0260.jpg,720,616,paper,577,142,718,598
recycle0260.jpg,720,616,cardboard,419,3,715,188
recycle0260.jpg,720,616,paper,283,20,407,218
recycle0260.jpg,720,616,paper,205,290,323,440
recycle0260.jpg,720,616,paper,288,460,380,549
recycle0260.jpg,720,616,paper,407,307,559,560
recycle0260.jpg,720,616,paper,17,213,399,586
recycle0260.jpg,720,616,paper,112,4,514,341
recycle0261.jpg,720,616,glass,392,198,549,440
recycle0262.jpg,720,616,glass,372,220,523,384
recycle0263.jpg,720,616,glass,345,191,509,370
recycle0264.jpg,720,616,glass,405,156,537,377
recycle0265.jpg,720,616,glass,360,231,579,365
recycle0266.jpg,720,616,glass,353,191,527,390
recycle0267.jpg,720,616,glass,366,191,535,459
recycle0268.jpg,720,616,glass,288,242,579,420
recycle0269.jpg,720,616,glass,355,173,521,523
recycle0270.jpg,720,616,glass,336,48,495,396
recycle0271.jpg,720,616,glass,145,188,474,412
recycle0272.jpg,720,616,glass,302,217,409,467
recycle0272.jpg,720,616,glass,423,188,538,447
recycle0273.jpg,720,616,glass,266,231,348,471
recycle0273.jpg,720,616,glass,481,192,593,431
recycle0274.jpg,720,616,glass,179,296,364,400
recycle0274.jpg,720,616,glass,395,266,634,368
recycle0275.jpg,720,616,glass,254,247,387,369
recycle0275.jpg,720,616,glass,435,160,532,374
recycle0276.jpg,720,616,glass,285,161,400,540
recycle0276.jpg,720,616,glass,442,196,602,522
recycle0277.jpg,720,616,glass,454,192,610,504
recycle0277.jpg,720,616,glass,199,258,433,534
recycle0278.jpg,720,616,glass,184,264,402,438
recycle0278.jpg,720,616,glass,433,234,572,417
recycle0279.jpg,720,616,glass,407,218,556,492
recycle0279.jpg,720,616,glass,220,197,387,498
recycle0280.jpg,720,616,glass,575,157,707,451
recycle0280.jpg,720,616,glass,391,207,546,495
recycle0280.jpg,720,616,glass,240,192,381,503
recycle0280.jpg,720,616,glass,130,180,219,445
recycle0281.jpg,720,616,glass,307,219,467,430
recycle0282.jpg,720,616,glass,279,234,471,444
recycle0283.jpg,720,616,glass,279,212,463,400
recycle0284.jpg,720,616,glass,295,200,483,359
recycle0285.jpg,720,616,glass,341,219,545,432
recycle0286.jpg,720,616,glass,333,240,495,439
recycle0287.jpg,720,616,glass,352,244,530,380
recycle0288.jpg,720,616,glass,357,215,521,361
recycle0289.jpg,720,616,glass,317,208,492,355
recycle0290.jpg,720,616,glass,338,192,507,356
recycle0291.jpg,720,616,glass,207,208,418,336
recycle0291.jpg,720,616,glass,428,64,627,246
recycle0291.jpg,720,616,glass,250,352,383,507
recycle0291.jpg,720,616,glass,393,308,513,572
recycle0291.jpg,720,616,glass,527,272,639,556
recycle0291.jpg,720,616,glass,638,64,719,356
recycle0292.jpg,720,616,glass,235,133,413,300
recycle0292.jpg,720,616,glass,143,180,298,384
recycle0292.jpg,720,616,glass,84,429,210,585
recycle0292.jpg,720,616,glass,175,360,299,567
recycle0292.jpg,720,616,glass,311,292,563,518
recycle0293.jpg,720,616,glass,377,51,549,278
recycle0293.jpg,720,616,glass,240,135,407,310
recycle0293.jpg,720,616,glass,133,172,292,382
recycle0293.jpg,720,616,glass,80,431,214,591
recycle0293.jpg,720,616,glass,179,362,296,563
recycle0293.jpg,720,616,glass,307,273,563,504
recycle0293.jpg,720,616,glass,373,244,603,605
recycle0293.jpg,720,616,glass,505,169,714,439
recycle0294.jpg,720,616,glass,511,93,647,367
recycle0294.jpg,720,616,glass,363,39,544,281
recycle0294.jpg,720,616,glass,243,132,394,320
recycle0294.jpg,720,616,glass,154,246,331,385
recycle0294.jpg,720,616,glass,51,240,212,446
recycle0294.jpg,720,616,glass,90,452,230,600
recycle0294.jpg,720,616,glass,289,265,507,418
recycle0294.jpg,720,616,glass,127,399,288,476
recycle0294.jpg,720,616,glass,283,292,555,526
recycle0295.jpg,720,616,glass,149,399,323,538
recycle0295.jpg,720,616,glass,52,264,182,411
recycle0295.jpg,720,616,glass,484,168,623,422
recycle0295.jpg,720,616,glass,358,3,545,207
recycle0295.jpg,720,616,glass,259,133,436,318
recycle0295.jpg,720,616,glass,177,109,304,292
recycle0295.jpg,720,616,glass,152,251,400,417
recycle0295.jpg,720,616,glass,323,333,516,477
recycle0296.jpg,720,616,glass,271,143,407,460
recycle0297.jpg,720,616,glass,230,164,479,452
recycle0298.jpg,720,616,glass,157,88,354,249
recycle0298.jpg,720,616,glass,445,14,569,273
recycle0298.jpg,720,616,glass,212,134,432,431
recycle0298.jpg,720,616,glass,415,286,623,576
recycle0298.jpg,720,616,glass,404,0,582,126
recycle0299.jpg,720,616,glass,435,16,551,240
recycle0299.jpg,720,616,glass,199,148,421,424
recycle0299.jpg,720,616,glass,292,360,446,532
recycle0299.jpg,720,616,glass,411,287,619,583
recycle0299.jpg,720,616,glass,523,134,706,378
recycle0300.jpg,720,616,glass,141,84,314,272
recycle0300.jpg,720,616,glass,441,16,559,284
recycle0300.jpg,720,616,glass,207,138,431,428
recycle0300.jpg,720,616,glass,293,359,451,535
recycle0300.jpg,720,616,glass,411,288,641,592
recycle0300.jpg,720,616,glass,525,129,713,388
recycle0301.jpg,720,616,glass,42,281,226,450
recycle0301.jpg,720,616,glass,138,95,314,267
recycle0301.jpg,720,616,glass,205,138,443,424
recycle0301.jpg,720,616,glass,296,363,447,539
recycle0301.jpg,720,616,glass,415,280,624,576
recycle0301.jpg,720,616,glass,513,132,708,382
recycle0301.jpg,720,616,glass,435,2,583,244
recycle0302.jpg,720,616,glass,431,4,577,233
recycle0302.jpg,720,616,glass,504,259,702,492
recycle0302.jpg,720,616,glass,299,360,437,536
recycle0302.jpg,720,616,glass,268,124,415,308
recycle0302.jpg,720,616,glass,191,117,290,382
recycle0302.jpg,720,616,glass,43,286,222,452
recycle0303.jpg,720,616,glass,269,208,507,475
recycle0304.jpg,720,616,glass,339,190,545,431
recycle0305.jpg,720,616,glass,365,144,565,419
recycle0306.jpg,720,616,glass,384,171,601,444
recycle0307.jpg,720,616,glass,343,233,567,502
recycle0308.jpg,720,616,glass,426,38,709,316
recycle0308.jpg,720,616,glass,495,271,666,447
recycle0308.jpg,720,616,glass,152,256,365,392
recycle0308.jpg,720,616,glass,205,214,417,472
recycle0308.jpg,720,616,glass,274,117,447,204
recycle0309.jpg,720,616,glass,131,333,242,570
recycle0309.jpg,720,616,glass,209,205,412,466
recycle0309.jpg,720,616,glass,176,223,370,377
recycle0309.jpg,720,616,glass,419,220,715,466
recycle0309.jpg,720,616,glass,428,40,717,329
recycle0310.jpg,720,616,glass,235,250,372,372
recycle0310.jpg,720,616,glass,204,206,420,464
recycle0310.jpg,720,616,glass,426,220,705,439
recycle0310.jpg,720,616,glass,498,322,641,476
recycle0310.jpg,720,616,glass,498,7,650,208
recycle0310.jpg,720,616,glass,360,28,480,196
recycle0310.jpg,720,616,glass,195,8,322,198
recycle0310.jpg,720,616,glass,90,1,165,228
recycle0311.jpg,720,616,glass,499,270,659,440
recycle0311.jpg,720,616,glass,238,250,371,374
recycle0311.jpg,720,616,glass,206,212,420,463
recycle0311.jpg,720,616,glass,498,4,655,248
recycle0311.jpg,720,616,glass,359,27,478,192
recycle0311.jpg,720,616,glass,191,7,313,197
recycle0311.jpg,720,616,glass,92,4,162,228
recycle0312.jpg,720,616,glass,406,8,666,256
recycle0312.jpg,720,616,glass,517,296,660,454
recycle0312.jpg,720,616,glass,414,492,565,608
recycle0312.jpg,720,616,glass,191,206,391,491
recycle0312.jpg,720,616,glass,52,386,218,561
recycle0312.jpg,720,616,glass,85,1,169,253
recycle0312.jpg,720,616,glass,232,41,354,165
recycle0313.jpg,720,616,glass,399,32,576,187
recycle0313.jpg,720,616,glass,138,128,326,384
recycle0313.jpg,720,616,glass,159,305,381,580
recycle0313.jpg,720,616,glass,413,488,587,604
recycle0313.jpg,720,616,glass,443,207,672,422
recycle0314.jpg,720,616,glass,392,40,574,189
recycle0314.jpg,720,616,glass,443,202,696,424
recycle0314.jpg,720,616,glass,150,303,380,574
recycle0314.jpg,720,616,glass,132,129,254,373
recycle0314.jpg,720,616,glass,279,52,391,248
recycle0315.jpg,720,616,glass,426,46,565,180
recycle0315.jpg,720,616,glass,232,32,372,237
recycle0315.jpg,720,616,glass,123,126,269,374
recycle0315.jpg,720,616,glass,155,303,385,577
recycle0315.jpg,720,616,glass,398,389,588,603
recycle0316.jpg,720,616,glass,400,32,541,178
recycle0316.jpg,720,616,glass,488,8,711,304
recycle0316.jpg,720,616,glass,243,39,393,236
recycle0316.jpg,720,616,glass,119,128,256,371
recycle0316.jpg,720,616,glass,152,295,377,577
recycle0316.jpg,720,616,glass,412,376,588,603
recycle0317.jpg,720,616,glass,435,2,614,145
recycle0317.jpg,720,616,glass,594,187,714,510
recycle0317.jpg,720,616,glass,471,57,603,327
recycle0317.jpg,720,616,glass,266,111,417,316
recycle0317.jpg,720,616,glass,128,133,257,373
recycle0317.jpg,720,616,glass,149,306,378,576
recycle0317.jpg,720,616,glass,402,383,583,602
recycle0318.jpg,720,616,glass,594,197,707,508
recycle0318.jpg,720,616,glass,471,52,603,335
recycle0318.jpg,720,616,glass,392,68,472,387
recycle0318.jpg,720,616,glass,242,119,379,298
recycle0318.jpg,720,616,glass,125,141,227,289
recycle0318.jpg,720,616,glass,183,354,326,452
recycle0318.jpg,720,616,glass,154,307,370,573
recycle0318.jpg,720,616,glass,400,394,579,604
recycle0319.jpg,720,616,glass,592,184,708,515
recycle0319.jpg,720,616,glass,471,22,608,370
recycle0319.jpg,720,616,glass,389,60,491,385
recycle0319.jpg,720,616,glass,255,111,406,308
recycle0319.jpg,720,616,glass,130,142,247,295
recycle0319.jpg,720,616,glass,179,359,324,456
recycle0319.jpg,720,616,glass,151,313,375,575
recycle0319.jpg,720,616,glass,403,402,576,602
recycle0320.jpg,720,616,glass,191,34,471,140
recycle0320.jpg,720,616,glass,125,144,248,289
recycle0320.jpg,720,616,glass,255,122,408,292
recycle0320.jpg,720,616,glass,388,138,693,340
recycle0320.jpg,720,616,glass,591,232,710,555
recycle0320.jpg,720,616,glass,395,378,580,605
recycle0320.jpg,720,616,glass,180,356,326,451
recycle0320.jpg,720,616,glass,150,304,373,570
recycle0320.jpg,720,616,glass,5,320,139,523
recycle0321.jpg,720,616,plastic,370,76,555,587
recycle0322.jpg,720,616,plastic,407,64,530,596
recycle0323.jpg,720,616,plastic,318,68,488,589
recycle0324.jpg,720,616,plastic,360,148,501,551
recycle0325.jpg,720,616,plastic,350,163,461,550
recycle0326.jpg,720,616,plastic,227,284,459,444
recycle0327.jpg,720,616,plastic,288,85,524,590
recycle0328.jpg,720,616,plastic,366,42,529,576
recycle0329.jpg,720,616,plastic,344,216,518,413
recycle0330.jpg,720,616,plastic,375,96,544,320
recycle0331.jpg,720,616,plastic,311,136,513,572
recycle0332.jpg,720,616,plastic,249,105,567,567
recycle0333.jpg,720,616,plastic,252,164,577,606
recycle0334.jpg,720,616,plastic,239,107,619,456
recycle0335.jpg,720,616,plastic,230,170,608,462
recycle0336.jpg,720,616,plastic,322,97,514,525
recycle0337.jpg,720,616,plastic,285,206,463,488
recycle0338.jpg,720,616,plastic,286,224,539,436
recycle0339.jpg,720,616,plastic,251,83,586,425
recycle0340.jpg,720,616,plastic,259,144,589,484
recycle0341.jpg,720,616,plastic,318,212,452,510
recycle0342.jpg,720,616,plastic,251,309,506,451
recycle0343.jpg,720,616,plastic,303,323,573,503
recycle0344.jpg,720,616,plastic,309,275,503,585
recycle0345.jpg,720,616,plastic,346,286,471,430
recycle0346.jpg,720,616,plastic,351,283,475,447
recycle0347.jpg,720,616,plastic,356,311,480,444
recycle0348.jpg,720,616,plastic,348,250,535,464
recycle0349.jpg,720,616,plastic,353,223,512,451
recycle0350.jpg,720,616,plastic,337,212,482,432
recycle0351.jpg,720,616,plastic,335,148,525,586
recycle0352.jpg,720,616,plastic,263,212,665,413
recycle0353.jpg,720,616,plastic,394,136,547,593
recycle0354.jpg,720,616,plastic,294,287,637,427
recycle0355.jpg,720,616,plastic,278,278,619,436
recycle0356.jpg,720,616,plastic,337,167,492,535
recycle0357.jpg,720,616,plastic,234,182,459,371
recycle0358.jpg,720,616,plastic,447,54,640,484
recycle0359.jpg,720,616,plastic,331,199,548,513
recycle0360.jpg,720,616,plastic,373,229,583,532
recycle0361.jpg,720,616,plastic,279,242,475,436
recycle0363.jpg,720,616,plastic,386,262,584,535
recycle0364.jpg,720,616,plastic,326,246,546,508
recycle0365.jpg,720,616,plastic,315,269,578,459
recycle0366.jpg,720,616,plastic,323,228,530,500
recycle0367.jpg,720,616,plastic,380,200,499,482
recycle0368.jpg,720,616,plastic,349,269,470,393
recycle0369.jpg,720,616,plastic,293,145,540,503
recycle0370.jpg,720,616,plastic,211,125,475,464
recycle0371.jpg,720,616,plastic,357,128,503,535
recycle0372.jpg,720,616,plastic,601,173,719,604
recycle0372.jpg,720,616,plastic,199,260,485,561
recycle0372.jpg,720,616,plastic,119,341,235,615
recycle0373.jpg,720,616,plastic,199,73,502,399
recycle0373.jpg,720,616,plastic,95,342,327,552
recycle0373.jpg,720,616,plastic,336,251,643,586
recycle0375.jpg,720,616,plastic,523,260,716,488
recycle0375.jpg,720,616,plastic,238,287,580,540
recycle0375.jpg,720,616,plastic,126,264,305,462
recycle0375.jpg,720,616,plastic,170,103,483,406
recycle0375.jpg,720,616,plastic,499,8,657,250
recycle0376.jpg,720,616,plastic,489,6,644,266
recycle0376.jpg,720,616,plastic,527,263,714,500
recycle0376.jpg,720,616,plastic,220,467,499,615
recycle0376.jpg,720,616,plastic,231,288,549,525
recycle0376.jpg,720,616,plastic,229,4,471,335
recycle0376.jpg,720,616,plastic,102,43,219,480
recycle0377.jpg,720,616,plastic,459,40,577,175
recycle0377.jpg,720,616,plastic,555,148,710,402
recycle0377.jpg,720,616,plastic,299,281,538,478
recycle0377.jpg,720,616,plastic,229,1,479,328
recycle0377.jpg,720,616,plastic,135,41,268,505
recycle0377.jpg,720,616,plastic,279,484,499,609
recycle0378.jpg,720,616,plastic,614,132,714,561
recycle0378.jpg,720,616,plastic,295,4,554,280
recycle0378.jpg,720,616,plastic,271,283,361,359
recycle0378.jpg,720,616,plastic,305,289,552,477
recycle0378.jpg,720,616,plastic,203,484,496,610
recycle0378.jpg,720,616,plastic,71,120,202,573
recycle0378.jpg,720,616,plastic,6,4,139,84
recycle0379.jpg,720,616,plastic,2,6,123,77
recycle0379.jpg,720,616,plastic,143,1,294,288
recycle0379.jpg,720,616,plastic,80,136,283,583
recycle0379.jpg,720,616,plastic,271,279,361,360
recycle0379.jpg,720,616,plastic,305,0,554,285
recycle0379.jpg,720,616,plastic,301,288,553,483
recycle0379.jpg,720,616,plastic,560,25,678,574
recycle0379.jpg,720,616,plastic,685,119,716,554
recycle0381.jpg,720,616,plastic,3,1,128,172
recycle0381.jpg,720,616,plastic,25,192,315,525
recycle0381.jpg,720,616,plastic,139,98,316,356
recycle0381.jpg,720,616,plastic,255,8,554,309
recycle0381.jpg,720,616,plastic,548,5,687,294
recycle0381.jpg,720,616,plastic,695,165,718,604
recycle0381.jpg,720,616,plastic,218,424,684,612
recycle0381.jpg,720,616,plastic,322,343,451,440
recycle0381.jpg,720,616,plastic,434,242,595,412
recycle0382.jpg,720,616,plastic,561,3,696,379
recycle0382.jpg,720,616,plastic,495,140,547,188
recycle0382.jpg,720,616,plastic,217,424,688,615
recycle0382.jpg,720,616,plastic,267,248,407,505
recycle0382.jpg,720,616,plastic,416,363,466,416
recycle0382.jpg,720,616,plastic,179,164,328,442
recycle0382.jpg,720,616,plastic,49,108,223,418
recycle0382.jpg,720,616,plastic,7,5,142,172
recycle0382.jpg,720,616,plastic,254,2,497,300
recycle0383.jpg,720,616,plastic,543,142,700,337
recycle0383.jpg,720,616,plastic,361,88,583,479
recycle0383.jpg,720,616,plastic,253,291,376,545
recycle0383.jpg,720,616,plastic,183,260,291,452
recycle0383.jpg,720,616,plastic,48,144,193,412
recycle0383.jpg,720,616,plastic,1,6,118,170
recycle0383.jpg,720,616,plastic,131,31,413,313
recycle0384.jpg,720,616,plastic,498,139,548,185
recycle0384.jpg,720,616,plastic,510,131,716,304
recycle0384.jpg,720,616,plastic,594,33,713,120
recycle0384.jpg,720,616,plastic,614,318,715,470
recycle0384.jpg,720,616,plastic,319,59,580,465
recycle0384.jpg,720,616,plastic,205,42,381,527
recycle0384.jpg,720,616,plastic,21,248,248,390
recycle0384.jpg,720,616,plastic,6,3,89,161
recycle0385.jpg,720,616,plastic,595,27,713,455
recycle0385.jpg,720,616,plastic,498,152,713,320
recycle0385.jpg,720,616,plastic,311,2,487,327
recycle0385.jpg,720,616,plastic,193,336,587,504
recycle0385.jpg,720,616,plastic,31,236,236,367
recycle0385.jpg,720,616,plastic,70,316,319,562
recycle0385.jpg,720,616,plastic,187,37,359,360
recycle0385.jpg,720,616,plastic,6,10,123,168
recycle0386.jpg,720,616,plastic,331,296,521,514
recycle0387.jpg,720,616,plastic,313,198,495,398
recycle0388.jpg,720,616,plastic,324,148,509,327
recycle0389.jpg,720,616,plastic,317,143,471,341
recycle0390.jpg,720,616,plastic,344,192,495,372
recycle0391.jpg,720,616,plastic,275,161,451,355
recycle0392.jpg,720,616,plastic,301,69,531,414
recycle0393.jpg,720,616,plastic,358,60,512,390
recycle0394.jpg,720,616,plastic,277,107,481,404
recycle0395.jpg,720,616,plastic,120,114,266,588
recycle0395.jpg,720,616,plastic,267,362,627,583
recycle0395.jpg,720,616,plastic,469,185,687,404
recycle0395.jpg,720,616,plastic,298,121,515,393
recycle0395.jpg,720,616,plastic,263,3,410,271
recycle0395.jpg,720,616,plastic,611,9,715,298
recycle0396.jpg,720,616,plastic,625,15,721,302
recycle0396.jpg,720,616,plastic,439,119,619,342
recycle0396.jpg,720,616,plastic,269,57,515,363
recycle0396.jpg,720,616,plastic,267,354,635,520
recycle0396.jpg,720,616,plastic,76,148,236,605
recycle0396.jpg,720,616,plastic,201,8,304,295
recycle0397.jpg,720,616,plastic,620,15,719,315
recycle0397.jpg,720,616,plastic,431,122,612,341
recycle0397.jpg,720,616,plastic,254,56,500,376
recycle0397.jpg,720,616,plastic,262,350,608,569
recycle0397.jpg,720,616,plastic,69,140,234,583
recycle0397.jpg,720,616,plastic,192,4,302,304
recycle0398.jpg,720,616,plastic,619,24,714,304
recycle0398.jpg,720,616,plastic,437,115,621,340
recycle0398.jpg,720,616,plastic,259,52,493,373
recycle0398.jpg,720,616,plastic,275,348,631,546
recycle0398.jpg,720,616,plastic,71,151,231,593
recycle0398.jpg,720,616,plastic,191,10,289,294
recycle0399.jpg,720,616,plastic,616,20,719,299
recycle0399.jpg,720,616,plastic,437,121,626,336
recycle0399.jpg,720,616,plastic,259,56,501,366
recycle0399.jpg,720,616,plastic,280,349,633,551
recycle0399.jpg,720,616,plastic,91,121,267,569
recycle0399.jpg,720,616,plastic,164,68,226,118
recycle0399.jpg,720,616,plastic,241,2,337,164
recycle0400.jpg,720,616,plastic,616,19,718,294
recycle0400.jpg,720,616,plastic,429,117,621,344
recycle0400.jpg,720,616,plastic,285,344,632,533
recycle0400.jpg,720,616,plastic,262,56,508,359
recycle0400.jpg,720,616,plastic,89,71,424,332
recycle0400.jpg,720,616,plastic,243,3,345,100
recycle0401.jpg,720,616,plastic,489,38,693,603
recycle0401.jpg,720,616,plastic,199,384,520,534
recycle0401.jpg,720,616,plastic,87,114,328,421
recycle0401.jpg,720,616,plastic,315,135,483,328
recycle0401.jpg,720,616,plastic,359,1,459,94
recycle0401.jpg,720,616,plastic,214,3,337,102
recycle0402.jpg,720,616,plastic,493,33,687,606
recycle0402.jpg,720,616,plastic,197,387,515,534
recycle0402.jpg,720,616,plastic,319,141,484,335
recycle0402.jpg,720,616,plastic,91,119,315,419
recycle0402.jpg,720,616,plastic,239,7,521,144
recycle0403.jpg,720,616,plastic,355,42,678,492
recycle0403.jpg,720,616,plastic,115,107,272,283
recycle0403.jpg,720,616,plastic,38,288,255,586
recycle0404.jpg,720,616,plastic,367,37,682,487
recycle0404.jpg,720,616,plastic,98,312,354,446
recycle0404.jpg,720,616,plastic,132,237,319,519
recycle0404.jpg,720,616,plastic,106,108,263,280
recycle0405.jpg,720,616,plastic,426,49,562,468
recycle0405.jpg,720,616,plastic,335,37,707,501
recycle0405.jpg,720,616,plastic,99,310,351,478
recycle0405.jpg,720,616,plastic,133,234,315,519
recycle0405.jpg,720,616,plastic,110,108,266,278
recycle0406=7.jpg,720,616,plastic,431,109,563,451
recycle0406=7.jpg,720,616,plastic,348,66,711,508
recycle0406=7.jpg,720,616,plastic,251,9,358,237
recycle0406=7.jpg,720,616,plastic,103,62,247,231
recycle0406=7.jpg,720,616,plastic,29,253,276,466
recycle0406=7.jpg,720,616,plastic,136,234,327,523
recycle0406.jpg,720,616,plastic,436,56,570,482
recycle0406.jpg,720,616,plastic,367,54,714,503
recycle0406.jpg,720,616,plastic,253,2,360,245
recycle0406.jpg,720,616,plastic,103,63,241,225
recycle0406.jpg,720,616,plastic,35,253,275,467
recycle0406.jpg,720,616,plastic,142,237,316,534
recycle0408.jpg,720,616,plastic,405,103,607,303
recycle0408.jpg,720,616,plastic,328,24,671,479
recycle0408.jpg,720,616,plastic,13,219,256,394
recycle0408.jpg,720,616,plastic,147,218,327,517
recycle0408.jpg,720,616,plastic,115,58,251,211
recycle0408.jpg,720,616,plastic,251,4,368,215
recycle0409.jpg,720,616,plastic,0,216,199,375
recycle0409.jpg,720,616,plastic,4,6,96,119
recycle0409.jpg,720,616,plastic,109,62,255,229
recycle0409.jpg,720,616,plastic,256,4,360,254
recycle0409.jpg,720,616,plastic,202,212,347,520
recycle0409.jpg,720,616,plastic,404,104,612,297
recycle0409.jpg,720,616,plastic,335,15,687,479
recycle0410.jpg,720,616,plastic,3,6,95,106
recycle0410.jpg,720,616,plastic,1,212,198,376
recycle0410.jpg,720,616,plastic,107,60,254,234
recycle0410.jpg,720,616,plastic,254,4,359,250
recycle0410.jpg,720,616,plastic,203,210,359,525
recycle0410.jpg,720,616,plastic,371,7,511,464
recycle0410.jpg,720,616,plastic,369,76,720,316
recycle0410.jpg,720,616,plastic,517,9,715,454
recycle0413.jpg,720,616,trash,265,218,655,408
recycle0414.jpg,720,616,trash,363,68,563,444
recycle0415.jpg,720,616,trash,338,56,505,497
recycle0416.jpg,720,616,trash,343,174,556,373
recycle0417.jpg,720,616,trash,326,192,524,462
recycle0418.jpg,720,616,trash,315,257,550,387
recycle0420.jpg,720,616,trash,243,89,430,306
recycle0420.jpg,720,616,trash,339,252,587,474
recycle0422.jpg,720,616,trash,308,274,571,414
recycle0423.jpg,720,616,trash,294,180,568,392
recycle0424.jpg,720,616,trash,355,202,543,400
recycle0425.jpg,720,616,trash,314,110,700,528
recycle0426.jpg,720,616,plastic,175,24,499,390
recycle0426.jpg,720,616,trash,495,288,661,584
recycle0428.jpg,720,616,trash,351,185,463,424
recycle0429.jpg,720,616,trash,322,123,660,459
recycle0430.jpg,720,616,trash,262,144,566,462
recycle0431.jpg,720,616,trash,302,140,549,496
recycle0432.jpg,720,616,trash,602,181,707,500
recycle0433.jpg,720,616,trash,221,176,543,537
recycle0436.jpg,720,616,trash,414,7,714,375
recycle0438.jpg,720,616,trash,289,74,621,471
recycle0439.jpg,720,616,trash,255,103,603,394
recycle0440.jpg,720,616,trash,331,128,579,532
recycle0441.jpg,720,616,trash,259,84,559,407
recycle0442.jpg,720,616,trash,321,148,639,575
recycle0443.jpg,720,616,trash,332,164,575,535
recycle0444.jpg,720,616,trash,344,260,439,407
recycle0445.jpg,720,616,trash,326,217,415,360
recycle0446.jpg,720,616,trash,344,231,481,405
recycle0447.jpg,720,616,trash,305,238,429,416
recycle0448.jpg,720,616,trash,383,227,491,391
recycle0449.jpg,720,616,trash,350,199,463,352
recycle0451.jpg,720,616,trash,333,164,559,396
recycle0453.jpg,720,616,trash,351,174,467,373
recycle0454.jpg,720,616,trash,256,15,711,480
recycle0455.jpg,720,616,trash,258,11,675,589
recycle0457.jpg,720,616,trash,310,234,507,425
recycle0458.jpg,720,616,trash,308,208,527,539
recycle0459.jpg,720,616,trash,323,159,587,468
recycle0460.jpg,720,616,trash,275,248,693,534
recycle0462.jpg,720,616,trash,416,30,618,208
recycle0462.jpg,720,616,trash,95,106,311,332
recycle0462.jpg,720,616,trash,220,241,556,498
recycle0462.jpg,720,616,trash,112,362,211,559
recycle0462.jpg,720,616,trash,242,112,712,585
recycle0463.jpg,720,616,trash,90,59,269,308
recycle0463.jpg,720,616,trash,114,364,235,564
recycle0463.jpg,720,616,trash,257,277,543,472
recycle0463.jpg,720,616,trash,431,7,624,170
recycle0463.jpg,720,616,trash,274,94,711,580
recycle0465.jpg,720,616,trash,73,43,239,275
recycle0465.jpg,720,616,trash,111,367,218,568
recycle0465.jpg,720,616,trash,223,207,458,583
recycle0465.jpg,720,616,trash,326,32,450,218
recycle0465.jpg,720,616,trash,469,235,712,493
recycle0465.jpg,720,616,trash,569,15,703,215
recycle0466.jpg,720,616,trash,519,120,715,487
recycle0466.jpg,720,616,trash,337,63,494,292
recycle0466.jpg,720,616,trash,276,239,473,586
recycle0466.jpg,720,616,trash,180,476,333,578
recycle0466.jpg,720,616,trash,102,4,355,252
recycle0467.jpg,720,616,trash,85,4,364,244
recycle0467.jpg,720,616,trash,341,69,538,282
recycle0467.jpg,720,616,trash,577,104,715,432
recycle0467.jpg,720,616,trash,465,199,587,372
recycle0467.jpg,720,616,trash,293,247,471,488
recycle0467.jpg,720,616,trash,84,160,287,494
recycle0467.jpg,720,616,trash,204,477,338,587
recycle0467.jpg,720,616,trash,483,484,675,609
recycle0468.jpg,720,616,trash,658,140,712,480
recycle0468.jpg,720,616,trash,393,48,642,340
recycle0468.jpg,720,616,trash,407,366,575,544
recycle0468.jpg,720,616,trash,147,337,351,483
recycle0468.jpg,720,616,trash,315,227,378,350
recycle0468.jpg,720,616,trash,235,36,411,307
recycle0468.jpg,720,616,trash,194,127,283,352
recycle0468.jpg,720,616,trash,13,42,223,248
recycle0468.jpg,720,616,trash,6,268,164,573
recycle0468.jpg,720,616,trash,183,518,326,612
recycle0469.jpg,720,616,trash,261,110,365,267
recycle0469.jpg,720,616,trash,147,337,359,477
recycle0469.jpg,720,616,trash,397,363,584,541
recycle0469.jpg,720,616,trash,172,514,327,615
recycle0469.jpg,720,616,trash,3,233,134,563
recycle0469.jpg,720,616,trash,656,136,715,490
recycle0470.jpg,720,616,trash,270,48,419,264
recycle0470.jpg,720,616,trash,455,121,611,193
recycle0470.jpg,720,616,trash,532,112,703,398
recycle0470.jpg,720,616,trash,432,438,607,580
recycle0470.jpg,720,616,trash,306,344,471,484
recycle0470.jpg,720,616,trash,167,502,322,609
recycle0470.jpg,720,616,trash,1,168,247,480
recycle0471.jpg,720,616,cardboard,191,37,395,304
recycle0471.jpg,720,616,cardboard,427,146,643,347
recycle0471.jpg,720,616,cardboard,433,360,693,614
recycle0471.jpg,720,616,metal,223,421,355,572
recycle0471.jpg,720,616,metal,127,208,211,484
recycle0472.jpg,720,616,cardboard,197,8,435,262
recycle0472.jpg,720,616,cardboard,391,128,560,336
recycle0472.jpg,720,616,metal,83,195,191,332
recycle0472.jpg,720,616,metal,70,304,310,440
recycle0472.jpg,720,616,metal,222,423,355,572
recycle0472.jpg,720,616,cardboard,419,75,716,600
recycle0474.jpg,720,616,cardboard,496,228,717,611
recycle0474.jpg,720,616,cardboard,329,107,612,446
recycle0474.jpg,720,616,cardboard,504,50,533,90
recycle0474.jpg,720,616,cardboard,178,1,423,235
recycle0474.jpg,720,616,metal,74,193,188,336
recycle0474.jpg,720,616,metal,69,310,300,442
recycle0474.jpg,720,616,metal,224,424,356,580
recycle0475.jpg,720,616,cardboard,396,370,716,548
recycle0475.jpg,720,616,metal,222,421,355,579
recycle0475.jpg,720,616,metal,71,318,306,445
recycle0475.jpg,720,616,metal,459,8,619,175
recycle0475.jpg,720,616,metal,338,160,546,276
recycle0475.jpg,720,616,metal,246,14,367,246
recycle0476.jpg,720,616,metal,525,34,560,70
recycle0476.jpg,720,616,metal,214,3,337,170
recycle0476.jpg,720,616,metal,122,65,207,220
recycle0476.jpg,720,616,cardboard,108,197,418,425
recycle0476.jpg,720,616,metal,228,467,354,611
recycle0476.jpg,720,616,cardboard,408,411,716,575
recycle0476.jpg,720,616,metal,482,97,571,217
recycle0476.jpg,720,616,metal,575,136,677,242
recycle0476.jpg,720,616,metal,491,248,710,368
recycle0477.jpg,720,616,metal,553,4,703,282
recycle0477.jpg,720,616,metal,525,78,616,403
recycle0477.jpg,720,616,cardboard,379,48,518,351
recycle0477.jpg,720,616,metal,323,103,412,380
recycle0477.jpg,720,616,metal,241,362,391,497
recycle0477.jpg,720,616,metal,398,392,715,504
recycle0477.jpg,720,616,cardboard,99,98,308,462
recycle0477.jpg,720,616,cardboard,7,12,195,279
recycle0478.jpg,720,616,metal,130,211,152,257
recycle0478.jpg,720,616,cardboard,97,87,269,439
recycle0478.jpg,720,616,metal,282,253,371,505
recycle0478.jpg,720,616,metal,325,104,417,365
recycle0478.jpg,720,616,metal,492,80,563,400
recycle0478.jpg,720,616,metal,535,58,716,220
recycle0478.jpg,720,616,metal,586,228,715,544
recycle0478.jpg,720,616,metal,407,420,543,612
recycle0478.jpg,720,616,cardboard,274,4,520,76
recycle0479.jpg,720,616,metal,491,225,613,533
recycle0479.jpg,720,616,metal,439,39,520,403
recycle0479.jpg,720,616,metal,300,14,433,287
recycle0479.jpg,720,616,cardboard,156,258,389,611
recycle0479.jpg,720,616,metal,90,108,250,266
recycle0479.jpg,720,616,metal,1,143,81,273
recycle0479.jpg,720,616,metal,11,250,115,496
recycle0479.jpg,720,616,metal,206,3,234,26
recycle0480.jpg,720,616,metal,586,236,715,356
recycle0480.jpg,720,616,metal,451,228,575,508
recycle0480.jpg,720,616,metal,311,399,447,542
recycle0480.jpg,720,616,cardboard,170,219,399,363
recycle0480.jpg,720,616,cardboard,133,384,306,603
recycle0480.jpg,720,616,metal,38,293,121,444
recycle0480.jpg,720,616,cardboard,105,152,620,609
recycle0481.jpg,720,616,metal,568,80,694,204
recycle0481.jpg,720,616,metal,471,299,621,452
recycle0481.jpg,720,616,metal,259,314,357,575
recycle0481.jpg,720,616,cardboard,127,361,253,608
recycle0481.jpg,720,616,cardboard,142,198,398,324
recycle0481.jpg,720,616,metal,39,293,114,448
recycle0481.jpg,720,616,cardboard,631,263,718,606
recycle0482.jpg,720,616,cardboard,7,3,288,197
recycle0482.jpg,720,616,metal,37,291,119,447
recycle0482.jpg,720,616,cardboard,144,200,398,328
recycle0482.jpg,720,616,metal,567,81,699,207
recycle0482.jpg,720,616,metal,467,293,619,460
recycle0482.jpg,720,616,metal,262,339,359,575
recycle0482.jpg,720,616,cardboard,129,349,258,601
recycle0482.jpg,720,616,cardboard,631,268,715,616
recycle0482.jpg,720,616,cardboard,405,133,560,281
recycle0483.jpg,720,616,cardboard,613,139,718,490
recycle0483.jpg,720,616,metal,311,467,475,605
recycle0483.jpg,720,616,metal,350,308,571,434
recycle0483.jpg,720,616,metal,216,217,330,452
recycle0483.jpg,720,616,cardboard,59,236,202,456
recycle0483.jpg,720,616,metal,321,85,543,225
recycle0483.jpg,720,616,cardboard,118,46,370,200
recycle0486.jpg,720,616,paper,143,165,254,289
recycle0486.jpg,720,616,paper,270,16,487,342
recycle0486.jpg,720,616,paper,148,319,283,548
recycle0486.jpg,720,616,paper,289,378,391,612
recycle0486.jpg,720,616,metal,401,288,547,444
recycle0486.jpg,720,616,metal,591,121,659,488
recycle0486.jpg,720,616,metal,525,245,707,577
recycle0488.jpg,720,616,paper,11,293,130,500
recycle0488.jpg,720,616,paper,151,381,306,615
recycle0488.jpg,720,616,metal,320,334,435,535
recycle0488.jpg,720,616,metal,240,114,357,346
recycle0488.jpg,720,616,metal,446,116,683,237
recycle0488.jpg,720,616,metal,471,268,629,586
recycle0488.jpg,720,616,metal,400,207,515,541
recycle0488.jpg,720,616,paper,36,142,131,270
recycle0488.jpg,720,616,paper,240,1,715,104
recycle0489.jpg,720,616,paper,113,127,287,330
recycle0489.jpg,720,616,paper,123,368,306,519
recycle0489.jpg,720,616,metal,330,338,439,536
recycle0489.jpg,720,616,metal,292,100,391,328
recycle0489.jpg,720,616,metal,480,289,633,586
recycle0489.jpg,720,616,metal,401,204,510,521
recycle0489.jpg,720,616,metal,448,112,675,258
recycle0489.jpg,720,616,paper,391,4,709,536
recycle0490.jpg,720,616,metal,103,396,214,539
recycle0490.jpg,720,616,metal,131,280,331,389
recycle0490.jpg,720,616,metal,317,208,429,436
recycle0490.jpg,720,616,metal,437,384,609,555
recycle0490.jpg,720,616,paper,387,43,715,444
recycle0490.jpg,720,616,paper,31,73,355,433
recycle0494.jpg,720,616,glass,459,3,720,243
recycle0494.jpg,720,616,glass,387,4,455,98
recycle0494.jpg,720,616,metal,208,58,352,205
recycle0494.jpg,720,616,glass,107,154,235,288
recycle0494.jpg,720,616,glass,179,288,360,496
recycle0494.jpg,720,616,metal,318,320,423,586
recycle0494.jpg,720,616,metal,432,317,461,356
recycle0494.jpg,720,616,metal,491,312,674,484
recycle0497.jpg,720,616,glass,77,140,222,367
recycle0497.jpg,720,616,metal,228,75,364,249
recycle0497.jpg,720,616,glass,159,351,314,476
recycle0497.jpg,720,616,metal,324,232,394,505
recycle0497.jpg,720,616,metal,387,334,700,500
recycle0497.jpg,720,616,metal,409,122,553,297
recycle0497.jpg,720,616,glass,558,24,663,276
recycle0498.jpg,720,616,metal,182,37,384,271
recycle0498.jpg,720,616,glass,80,200,187,384
recycle0498.jpg,720,616,glass,161,355,310,481
recycle0498.jpg,720,616,metal,311,328,520,588
recycle0498.jpg,720,616,metal,425,312,715,483
recycle0498.jpg,720,616,metal,412,120,553,297
recycle0498.jpg,720,616,glass,566,20,650,280
recycle0499.jpg,720,616,glass,581,52,708,318
recycle0499.jpg,720,616,glass,452,75,546,317
recycle0499.jpg,720,616,metal,221,51,427,264
recycle0499.jpg,720,616,glass,103,144,214,380
recycle0499.jpg,720,616,glass,151,346,311,491
recycle0499.jpg,720,616,metal,300,336,521,588
recycle0499.jpg,720,616,metal,503,324,648,514
recycle0502.jpg,720,616,glass,515,214,695,472
recycle0502.jpg,720,616,metal,304,330,531,589
recycle0502.jpg,720,616,metal,196,388,353,612
recycle0502.jpg,720,616,glass,80,224,186,401
recycle0502.jpg,720,616,glass,147,38,259,208
recycle0502.jpg,720,616,metal,212,40,417,268
recycle0502.jpg,720,616,glass,419,168,496,262
recycle0504.jpg,720,616,glass,57,46,227,200
recycle0504.jpg,720,616,glass,70,241,187,436
recycle0504.jpg,720,616,metal,235,92,279,360
recycle0504.jpg,720,616,metal,197,391,336,601
recycle0504.jpg,720,616,metal,304,331,527,591
recycle0504.jpg,720,616,metal,404,277,543,463
recycle0504.jpg,720,616,glass,555,244,713,510
recycle0504.jpg,720,616,glass,540,6,715,225
recycle0504.jpg,720,616,metal,324,4,525,248
recycle0505.jpg,720,616,plastic,352,185,710,348
recycle0505.jpg,720,616,metal,495,369,657,576
recycle0505.jpg,720,616,metal,271,384,528,576
recycle0505.jpg,720,616,plastic,154,129,387,418
recycle0505.jpg,720,616,plastic,83,226,193,478
recycle0505.jpg,720,616,metal,180,432,318,614
recycle0506.jpg,720,616,plastic,403,54,715,512
recycle0506.jpg,720,616,metal,243,247,455,454
recycle0506.jpg,720,616,metal,160,280,308,488
recycle0506.jpg,720,616,metal,7,418,178,534
recycle0506.jpg,720,616,plastic,35,112,191,271
recycle0506.jpg,720,616,plastic,147,8,376,228
recycle0507.jpg,720,616,metal,464,173,657,357
recycle0507.jpg,720,616,plastic,359,298,552,519
recycle0507.jpg,720,616,metal,169,357,337,554
recycle0507.jpg,720,616,metal,5,429,153,552
recycle0507.jpg,720,616,plastic,4,40,235,403
recycle0507.jpg,720,616,metal,207,114,418,315
recycle0507.jpg,720,616,plastic,169,3,595,162
recycle0508.jpg,720,616,metal,535,158,711,346
recycle0508.jpg,720,616,plastic,358,293,553,516
recycle0508.jpg,720,616,metal,171,352,342,548
recycle0508.jpg,720,616,metal,6,430,162,555
recycle0508.jpg,720,616,plastic,3,10,230,390
recycle0508.jpg,720,616,metal,203,5,413,244
recycle0508.jpg,720,616,plastic,420,6,531,162
recycle0509.jpg,720,616,plastic,468,105,702,544
recycle0509.jpg,720,616,metal,381,1,519,145
recycle0509.jpg,720,616,metal,191,2,365,192
recycle0509.jpg,720,616,plastic,87,44,323,343
recycle0509.jpg,720,616,metal,59,257,179,428
recycle0509.jpg,720,616,metal,189,366,318,532
recycle0509.jpg,720,616,plastic,352,254,493,601
recycle0510.jpg,720,616,plastic,7,43,279,304
recycle0510.jpg,720,616,metal,234,8,448,224
recycle0510.jpg,720,616,metal,431,67,571,211
recycle0510.jpg,720,616,plastic,484,85,715,608
recycle0510.jpg,720,616,plastic,291,304,473,572
recycle0510.jpg,720,616,metal,178,365,315,525
recycle0511.jpg,720,616,plastic,487,244,706,472
recycle0511.jpg,720,616,metal,438,72,591,221
recycle0511.jpg,720,616,metal,233,4,427,233
recycle0511.jpg,720,616,plastic,97,74,224,317
recycle0511.jpg,720,616,plastic,269,304,500,588
recycle0511.jpg,720,616,metal,184,364,317,509
recycle0511.jpg,720,616,plastic,27,368,169,514
recycle0512.jpg,720,616,trash,7,129,265,429
recycle0512.jpg,720,616,metal,175,440,317,592
recycle0512.jpg,720,616,trash,301,188,377,459
recycle0512.jpg,720,616,metal,329,45,528,298
recycle0512.jpg,720,616,trash,414,2,716,600
recycle0513.jpg,720,616,metal,517,232,649,368
recycle0513.jpg,720,616,trash,395,148,480,303
recycle0513.jpg,720,616,trash,242,158,357,255
recycle0513.jpg,720,616,trash,19,136,208,440
recycle0513.jpg,720,616,metal,210,296,370,433
recycle0513.jpg,720,616,metal,289,400,483,551
recycle0514.jpg,720,616,trash,25,138,213,447
recycle0514.jpg,720,616,metal,220,304,366,441
recycle0514.jpg,720,616,trash,239,154,353,249
recycle0514.jpg,720,616,metal,372,96,460,323
recycle0514.jpg,720,616,metal,442,189,532,523
recycle0514.jpg,720,616,trash,549,240,697,511
recycle0515.jpg,720,616,metal,376,8,555,216
recycle0515.jpg,720,616,trash,243,158,358,247
recycle0515.jpg,720,616,trash,47,259,284,568
recycle0515.jpg,720,616,metal,295,267,443,475
recycle0515.jpg,720,616,metal,449,193,527,534
recycle0515.jpg,720,616,trash,545,244,704,516
recycle0516.jpg,720,616,trash,222,88,331,187
recycle0516.jpg,720,616,trash,110,199,312,387
recycle0516.jpg,720,616,metal,298,272,450,486
recycle0516.jpg,720,616,metal,441,189,530,524
recycle0516.jpg,720,616,metal,360,16,527,241
recycle0516.jpg,720,616,trash,501,115,715,540
recycle0517.jpg,720,616,trash,524,149,714,548
recycle0517.jpg,720,616,metal,391,171,513,381
recycle0517.jpg,720,616,metal,273,180,374,465
recycle0517.jpg,720,616,trash,87,192,260,320
recycle0517.jpg,720,616,trash,57,342,267,550
recycle0517.jpg,720,616,metal,285,8,420,160
recycle0518.jpg,720,616,trash,484,31,711,605
recycle0518.jpg,720,616,metal,299,56,468,221
recycle0518.jpg,720,616,trash,66,209,251,320
recycle0518.jpg,720,616,trash,98,336,168,474
recycle0518.jpg,720,616,trash,177,337,263,476
recycle0518.jpg,720,616,metal,273,298,368,471
recycle0518.jpg,720,616,metal,375,229,476,421
recycle0519.jpg,720,616,trash,438,88,716,610
recycle0519.jpg,720,616,metal,235,30,426,280
recycle0519.jpg,720,616,metal,171,244,273,403
recycle0519.jpg,720,616,metal,121,447,301,592
recycle0519.jpg,720,616,trash,3,227,183,518
recycle0521.jpg,720,616,metal,472,21,589,313
recycle0521.jpg,720,616,trash,492,152,709,545
recycle0521.jpg,720,616,trash,347,128,462,306
recycle0521.jpg,720,616,trash,299,381,421,536
recycle0521.jpg,720,616,metal,155,204,270,349
recycle0521.jpg,720,616,metal,4,356,176,553
