<annotation>
	<folder>C:/Users/nanin/Documents/models/research/object_detection/images/RecycleDatasetPiCam</folder>
	<filename>recycle0048.jpg</filename>
	<path>C:/Users/nanin/Documents/models/research/object_detection/images/RecycleDatasetPiCam/recycle0048.jpg</path>
	<source>
		<database>unknown</database>
	</source>
	<size>
		<width>720</width>
		<height>616</height>
		<depth>3</depth>
	</size>
	<segmented>0</segmented>
	<object>
		<name>metal</name>
		<pose>Unspecified</pose>
		<truncated>0</truncated>
		<difficult>0</difficult>
		<bndbox>
			<xmin>147</xmin>
			<ymin>194</ymin>
			<xmax>397</xmax>
			<ymax>427</ymax>
		</bndbox>
	</object>
	<object>
		<name>metal</name>
		<pose>Unspecified</pose>
		<truncated>0</truncated>
		<difficult>0</difficult>
		<bndbox>
			<xmin>469</xmin>
			<ymin>163</ymin>
			<xmax>645</xmax>
			<ymax>340</ymax>
		</bndbox>
	</object>
</annotation>