<annotation>
	<folder>C:/Users/nanin/Documents/models/research/object_detection/images/RecycleDatasetPiCam</folder>
	<filename>recycle0099.jpg</filename>
	<path>C:/Users/nanin/Documents/models/research/object_detection/images/RecycleDatasetPiCam/recycle0099.jpg</path>
	<source>
		<database>unknown</database>
	</source>
	<size>
		<width>720</width>
		<height>616</height>
		<depth>3</depth>
	</size>
	<segmented>0</segmented>
	<object>
		<name>cardboard</name>
		<pose>Unspecified</pose>
		<truncated>0</truncated>
		<difficult>0</difficult>
		<bndbox>
			<xmin>118</xmin>
			<ymin>246</ymin>
			<xmax>309</xmax>
			<ymax>495</ymax>
		</bndbox>
	</object>
	<object>
		<name>cardboard</name>
		<pose>Unspecified</pose>
		<truncated>0</truncated>
		<difficult>0</difficult>
		<bndbox>
			<xmin>358</xmin>
			<ymin>52</ymin>
			<xmax>715</xmax>
			<ymax>607</ymax>
		</bndbox>
	</object>
</annotation>