<annotation>
	<folder>C:/Users/nanin/Documents/models/research/object_detection/images/RecycleDatasetPiCam</folder>
	<filename>recycle0155.jpg</filename>
	<path>C:/Users/nanin/Documents/models/research/object_detection/images/RecycleDatasetPiCam/recycle0155.jpg</path>
	<source>
		<database>unknown</database>
	</source>
	<size>
		<width>720</width>
		<height>616</height>
		<depth>3</depth>
	</size>
	<segmented>0</segmented>
	<object>
		<name>cardboard</name>
		<pose>Unspecified</pose>
		<truncated>0</truncated>
		<difficult>0</difficult>
		<bndbox>
			<xmin>93</xmin>
			<ymin>9</ymin>
			<xmax>292</xmax>
			<ymax>232</ymax>
		</bndbox>
	</object>
	<object>
		<name>cardboard</name>
		<pose>Unspecified</pose>
		<truncated>0</truncated>
		<difficult>0</difficult>
		<bndbox>
			<xmin>334</xmin>
			<ymin>4</ymin>
			<xmax>575</xmax>
			<ymax>230</ymax>
		</bndbox>
	</object>
	<object>
		<name>cardboard</name>
		<pose>Unspecified</pose>
		<truncated>0</truncated>
		<difficult>0</difficult>
		<bndbox>
			<xmin>526</xmin>
			<ymin>277</ymin>
			<xmax>713</xmax>
			<ymax>385</ymax>
		</bndbox>
	</object>
	<object>
		<name>cardboard</name>
		<pose>Unspecified</pose>
		<truncated>0</truncated>
		<difficult>0</difficult>
		<bndbox>
			<xmin>411</xmin>
			<ymin>341</ymin>
			<xmax>714</xmax>
			<ymax>612</ymax>
		</bndbox>
	</object>
	<object>
		<name>cardboard</name>
		<pose>Unspecified</pose>
		<truncated>0</truncated>
		<difficult>0</difficult>
		<bndbox>
			<xmin>316</xmin>
			<ymin>220</ymin>
			<xmax>704</xmax>
			<ymax>610</ymax>
		</bndbox>
	</object>
	<object>
		<name>cardboard</name>
		<pose>Unspecified</pose>
		<truncated>0</truncated>
		<difficult>0</difficult>
		<bndbox>
			<xmin>221</xmin>
			<ymin>354</ymin>
			<xmax>309</xmax>
			<ymax>609</ymax>
		</bndbox>
	</object>
	<object>
		<name>cardboard</name>
		<pose>Unspecified</pose>
		<truncated>0</truncated>
		<difficult>0</difficult>
		<bndbox>
			<xmin>108</xmin>
			<ymin>20</ymin>
			<xmax>329</xmax>
			<ymax>332</ymax>
		</bndbox>
	</object>
	<object>
		<name>cardboard</name>
		<pose>Unspecified</pose>
		<truncated>0</truncated>
		<difficult>0</difficult>
		<bndbox>
			<xmin>39</xmin>
			<ymin>13</ymin>
			<xmax>107</xmax>
			<ymax>403</ymax>
		</bndbox>
	</object>
	<object>
		<name>cardboard</name>
		<pose>Unspecified</pose>
		<truncated>0</truncated>
		<difficult>0</difficult>
		<bndbox>
			<xmin>19</xmin>
			<ymin>452</ymin>
			<xmax>211</xmax>
			<ymax>608</ymax>
		</bndbox>
	</object>
</annotation>