<annotation>
	<folder>C:/Users/nanin/Documents/models/research/object_detection/images/RecycleDatasetPiCam</folder>
	<filename>recycle0156.jpg</filename>
	<path>C:/Users/nanin/Documents/models/research/object_detection/images/RecycleDatasetPiCam/recycle0156.jpg</path>
	<source>
		<database>unknown</database>
	</source>
	<size>
		<width>720</width>
		<height>616</height>
		<depth>3</depth>
	</size>
	<segmented>0</segmented>
	<object>
		<name>cardboard</name>
		<pose>Unspecified</pose>
		<truncated>0</truncated>
		<difficult>0</difficult>
		<bndbox>
			<xmin>195</xmin>
			<ymin>4</ymin>
			<xmax>383</xmax>
			<ymax>120</ymax>
		</bndbox>
	</object>
	<object>
		<name>cardboard</name>
		<pose>Unspecified</pose>
		<truncated>0</truncated>
		<difficult>0</difficult>
		<bndbox>
			<xmin>392</xmin>
			<ymin>7</ymin>
			<xmax>718</xmax>
			<ymax>218</ymax>
		</bndbox>
	</object>
	<object>
		<name>cardboard</name>
		<pose>Unspecified</pose>
		<truncated>0</truncated>
		<difficult>0</difficult>
		<bndbox>
			<xmin>91</xmin>
			<ymin>65</ymin>
			<xmax>341</xmax>
			<ymax>334</ymax>
		</bndbox>
	</object>
	<object>
		<name>cardboard</name>
		<pose>Unspecified</pose>
		<truncated>0</truncated>
		<difficult>0</difficult>
		<bndbox>
			<xmin>395</xmin>
			<ymin>305</ymin>
			<xmax>717</xmax>
			<ymax>615</ymax>
		</bndbox>
	</object>
	<object>
		<name>cardboard</name>
		<pose>Unspecified</pose>
		<truncated>0</truncated>
		<difficult>0</difficult>
		<bndbox>
			<xmin>348</xmin>
			<ymin>226</ymin>
			<xmax>715</xmax>
			<ymax>292</ymax>
		</bndbox>
	</object>
	<object>
		<name>cardboard</name>
		<pose>Unspecified</pose>
		<truncated>0</truncated>
		<difficult>0</difficult>
		<bndbox>
			<xmin>216</xmin>
			<ymin>350</ymin>
			<xmax>343</xmax>
			<ymax>612</ymax>
		</bndbox>
	</object>
	<object>
		<name>cardboard</name>
		<pose>Unspecified</pose>
		<truncated>0</truncated>
		<difficult>0</difficult>
		<bndbox>
			<xmin>20</xmin>
			<ymin>456</ymin>
			<xmax>208</xmax>
			<ymax>606</ymax>
		</bndbox>
	</object>
	<object>
		<name>cardboard</name>
		<pose>Unspecified</pose>
		<truncated>0</truncated>
		<difficult>0</difficult>
		<bndbox>
			<xmin>39</xmin>
			<ymin>30</ymin>
			<xmax>92</xmax>
			<ymax>380</ymax>
		</bndbox>
	</object>
</annotation>