<annotation>
	<folder>C:/Users/nanin/Documents/models/research/object_detection/images/RecycleDatasetPiCam</folder>
	<filename>recycle0055.jpg</filename>
	<path>C:/Users/nanin/Documents/models/research/object_detection/images/RecycleDatasetPiCam/recycle0055.jpg</path>
	<source>
		<database>unknown</database>
	</source>
	<size>
		<width>720</width>
		<height>616</height>
		<depth>3</depth>
	</size>
	<segmented>0</segmented>
	<object>
		<name>metal</name>
		<pose>Unspecified</pose>
		<truncated>0</truncated>
		<difficult>0</difficult>
		<bndbox>
			<xmin>289</xmin>
			<ymin>280</ymin>
			<xmax>509</xmax>
			<ymax>524</ymax>
		</bndbox>
	</object>
	<object>
		<name>metal</name>
		<pose>Unspecified</pose>
		<truncated>0</truncated>
		<difficult>0</difficult>
		<bndbox>
			<xmin>557</xmin>
			<ymin>244</ymin>
			<xmax>709</xmax>
			<ymax>456</ymax>
		</bndbox>
	</object>
	<object>
		<name>metal</name>
		<pose>Unspecified</pose>
		<truncated>0</truncated>
		<difficult>0</difficult>
		<bndbox>
			<xmin>427</xmin>
			<ymin>72</ymin>
			<xmax>559</xmax>
			<ymax>284</ymax>
		</bndbox>
	</object>
	<object>
		<name>metal</name>
		<pose>Unspecified</pose>
		<truncated>0</truncated>
		<difficult>0</difficult>
		<bndbox>
			<xmin>294</xmin>
			<ymin>41</ymin>
			<xmax>411</xmax>
			<ymax>196</ymax>
		</bndbox>
	</object>
	<object>
		<name>metal</name>
		<pose>Unspecified</pose>
		<truncated>0</truncated>
		<difficult>0</difficult>
		<bndbox>
			<xmin>221</xmin>
			<ymin>166</ymin>
			<xmax>398</xmax>
			<ymax>386</ymax>
		</bndbox>
	</object>
</annotation>